epoch,train_loss,val_accuracy,val_f1,val_roc_auc
1,0.8092724720637003,0.375,0.2727272727272727,0.8
