epoch,train_loss,val_accuracy,val_f1,val_roc_auc
1,0.7413805476550398,0.625,0.38461538461538464,0.7333333333333333
