epoch,train_loss,train_acc,train_f1,val_acc,val_f1,val_roc_auc,val_pr_auc
1,0.7087554253651822,0.3540489642184557,0.3057924005473375,0.3347457627118644,0.2507936507936508,0.5241003520653605,0.3507135188769498
2,0.7318218848799581,0.3422787193973635,0.2777217779969626,0.3347457627118644,0.2507936507936508,0.5246098614134573,0.3576062747064711
3,0.6948964309557683,0.4345574387947269,0.4329524672859843,0.6652542372881356,0.3994910941475827,0.5250801777347773,0.35776017804469157
4,0.6982314624804337,0.6459510357815442,0.4537037037037037,0.6652542372881356,0.3994910941475827,0.5121106452739929,0.3511561093663613
5,0.6974378191145126,0.6501883239171374,0.4421919950289255,0.3347457627118644,0.2507936507936508,0.5036169564711047,0.34002227914107575
6,0.6936297789356354,0.435969868173258,0.433977977977978,0.6652542372881356,0.3994910941475827,0.4973987028227938,0.3388282061521385
7,0.6948108423901143,0.4858757062146893,0.4721915013885817,0.6652542372881356,0.3994910941475827,0.49648942460157486,0.3352692618784815
