epoch,train_loss,val_accuracy,val_f1,val_roc_auc
1,0.6890455628263539,0.375,0.2727272727272727,0.7333333333333333
