epoch,train_loss,val_accuracy,val_f1,val_roc_auc
1,0.7433513800303141,0.375,0.2727272727272727,0.39999999999999997
