epoch,train_loss,train_acc,train_f1,val_acc,val_f1,val_roc_auc,val_pr_auc
1,0.693870671724869,0.536723163841808,0.5115703197811103,0.3347457627118644,0.2507936507936508,0.5117243140100513,0.3402657847750274
2,0.7101871068194762,0.3771186440677966,0.34660514172709295,0.6652542372881356,0.3994910941475827,0.5067770342300697,0.3356120935320687
3,0.7226582092080412,0.652542372881356,0.42052169284003194,0.3347457627118644,0.2507936507936508,0.5155876266494666,0.3416164788486317
4,0.7130907198130074,0.3512241054613936,0.294554892151598,0.3347457627118644,0.2507936507936508,0.5131710965984932,0.3407296249761389
5,0.7091386443926565,0.3507532956685499,0.2950615492253007,0.6652542372881356,0.3994910941475827,0.5121957501321365,0.33936806443371553
6,0.6936771179323142,0.5470809792843692,0.5182033569631141,0.6652542372881356,0.3994910941475827,0.5083805889256183,0.33688362584995835
7,0.7078907917448356,0.6652542372881356,0.3994910941475827,0.6652542372881356,0.3994910941475827,0.5049394411746262,0.3346512869532792
