epoch,train_loss,train_acc,train_f1,val_acc,val_f1,val_roc_auc,val_pr_auc
1,0.7317464386451491,0.3700564971751412,0.3302198511825921,0.6652542372881356,0.3994910941475827,0.5459868580182213,0.3760364622578709
2,0.7145363225999749,0.3884180790960452,0.36557899841502595,0.6652542372881356,0.3994910941475827,0.5343980399007409,0.37262781670341716
