epoch,train_loss,train_acc,train_f1,val_acc,val_f1,val_roc_auc,val_pr_auc
1,0.7054000918923574,0.5758003766478342,0.49558759999757507,0.6652542372881356,0.3994910941475827,0.5200713089127182,0.35735319552447087
2,0.7013423630297745,0.544256120527307,0.5086191073449784,0.3375706214689266,0.258651984916377,0.5459039927616078,0.37762570055258726
