epoch,train_loss,val_accuracy,val_f1,val_roc_auc
1,0.7809953072975422,0.625,0.38461538461538464,0.4666666666666666
2,0.6849466151204603,0.625,0.38461538461538464,0.4666666666666666
