epoch,train_loss,val_accuracy,val_f1,val_roc_auc
1,0.7230521241823832,0.375,0.2727272727272727,0.26666666666666666
2,0.6610063076019287,0.375,0.2727272727272727,0.39999999999999997
