variant,model,global_attn,n_seeds,f1_mean,f1_std,f1_ci95,auc_mean,auc_std,auc_ci95,stability_score
baseline,gatedgraph,none,10,0.5931436999999999,0.06033420676374223,0.03739552878182054,0.6830074,0.07591880479459619,0.04705496271617257,0.5629765966181288
gps,gcn,multihead,10,0.5971118,0.03403996832489712,0.021098190951785632,0.6536742,0.04756485336422264,0.029481001547761742,0.5800918158375514
gps,gin,performer,10,0.5894286999999999,0.0820269006071179,0.05084079972325724,0.6495999999999998,0.056346636801143685,0.034924007313248115,0.548415249696441
gps,gine,multihead,10,0.5727539,0.04518570502592606,0.028006390130239027,0.6699704999999999,0.03606658376184249,0.02235430021329856,0.550161047487037
gps,pna,performer,10,0.5918017,0.04363735728260822,0.02704671425638127,0.6852294999999999,0.03553895318449883,0.022027271393337662,0.5699830213586958
gps,sage,performer,10,0.5983653,0.040149144227617097,0.02488469740571087,0.6529332999999999,0.045722044807838584,0.028338816971116936,0.5782907278861914
