variant,model,global_attn,n_seeds,f1_mean,f1_std,f1_ci95,auc_mean,auc_std,auc_ci95,stability_score
baseline,gatedgraph,none,10,0.5931436999999999,0.06033420676374223,0.03739552878182054,0.6830074,0.07591880479459619,0.04705496271617257,0.5629765966181288
baseline,gcn,none,10,0.5774792000000001,0.04696900361685353,0.029111690048156967,0.6839556,0.05114040243525662,0.03169714982199438,0.5539946981915733
baseline,gin,none,10,0.5779988,0.05108167811417318,0.031660752110694926,0.6691407999999999,0.05673120710825744,0.0351623664590743,0.5524579609429134
gps,gine,multihead,10,0.5727539,0.04518570502592606,0.028006390130239027,0.6699704999999999,0.03606658376184249,0.02235430021329856,0.550161047487037
gps,pna,performer,10,0.5918017,0.04363735728260822,0.02704671425638127,0.6852294999999999,0.03553895318449883,0.022027271393337662,0.5699830213586958
baseline,sage,none,10,0.5561228,0.06754510670922062,0.0418648908720505,0.6781038,0.0562093616665409,0.03483892330332372,0.5223502466453898
