slice_type,low_max,mid_max,high_max
num_nodes,79.66666666666666,103.33333333333331,169.000000001
density,0.09184981137514114,0.12175429860750835,0.20663265983922577
est_diameter,7.0,8.0,13.000000001
