epoch,train_loss,train_acc,train_f1,val_acc,val_f1,val_roc_auc,val_pr_auc
1,0.6968541067872344,0.4350282485875706,0.4329038579803296,0.3347457627118644,0.2507936507936508,0.5181743664167272,0.3463773435202925
2,0.6942978183652946,0.4467984934086629,0.4467973897933819,0.3347457627118644,0.2507936507936508,0.5096907558207244,0.34765235445915665
3,0.6966817508085075,0.3728813559322034,0.3436828410976293,0.6652542372881356,0.3994910941475827,0.5202213622152346,0.34686319553918615
4,0.6950898984282254,0.5630885122410546,0.49854836198448527,0.3347457627118644,0.2507936507936508,0.5182359554588047,0.3407124969817058
5,0.698794145817586,0.3389830508474576,0.2725196940289988,0.3347457627118644,0.2507936507936508,0.48532389117328245,0.3293596783085432
6,0.7004519788558874,0.3385122410546139,0.2586833109472529,0.5324858757062146,0.4974254495544666,0.48496443512770204,0.3275502338298244
